{
  "angleOrder": [
    "left_elbow",
    "right_elbow",
    "left_shoulder",
    "right_shoulder",
    "left_knee",
    "right_knee",
    "hip",
    "spine"
  ],
  "step1": {
    "idealKeypoints": [
      0.5030356251668787,
      0.14448169317136367,
      0.5131528977488652,
      0.13020265639870773,
      0.49339429917829836,
      0.13078213556286244,
      0.5263425632922505,
      0.1453723175481674,
      0.48169450397167984,
      0.14724993580472423,
      0.5522899932267089,
      0.24986240581869182,
      0.45441861206388506,
      0.25391349756862114,
      0.566125451349858,
      0.39936335745920104,
      0.4423814035562711,
      0.40159507323277116,
      0.5764038034275121,
      0.5254627569651475,
      0.4291494573050351,
      0.5280026518988188,
      0.5353069557815245,
      0.510268567537898,
      0.47284930261787506,
      0.5087265242488657,
      0.5693654689593743,
      0.7067999886611377,
      0.4385048322777431,
      0.7044454507701483,
      0.6063537768569236,
      0.8846087214359167,
      0.4032295458007855,
      0.881726156178771
    ],
    "idealAngles": [
      176.32906023092653,
      176.03641556234342,
      16.020075209766063,
      15.728982836893532,
      176.76852301388158,
      177.72391648179504,
      178.7273255916659,
      178.04475279822637
    ],
    "idealTime": 3.5
  },
  "step2": {
    "idealKeypoints": [
      0.5055529549397857,
      0.25858575223234304,
      0.5129529765578975,
      0.24472823606301347,
      0.49615975312226723,
      0.2458793151998903,
      0.5243703899308335,
      0.2595457468985898,
      0.48559662668201803,
      0.2623471989198137,
      0.5465595659719801,
      0.34955781884390263,
      0.46619747900664865,
      0.3247184684030771,
      0.5587323682672233,
      0.4452212563654278,
      0.4515564774805035,
      0.2580373370245612,
      0.5635499418111947,
      0.523476420246184,
      0.4556669233588326,
      0.18375719690396472,
      0.5298113520973143,
      0.5749818529435341,
      0.4768381616662215,
      0.5684498820208959,
      0.5647927808405353,
      0.7404445087483923,
      0.4416559616925708,
      0.7388084112803144,
      0.6015655414301969,
      0.8852505819616607,
      0.40553549915445797,
      0.8885270521179693
    ],
    "idealAngles": [
      172.4004296572056,
      161.07114154415194,
      39.09743470968272,
      146.56061155579903,
      176.06080876350777,
      176.57036565639427,
      178.24520160602324,
      177.2561300857792
    ],
    "idealTime": 7.5
  },
  "step3": {
    "idealKeypoints": [
      0.5332799041135194,
      0.3211309144864772,
      0.5380380636110049,
      0.3234583075121939,
      0.5321079717241473,
      0.3206726052787916,
      0.5394256897487509,
      0.35102624331138355,
      0.5294240270485355,
      0.34419730135524673,
      0.5382385900747836,
      0.39570548115025017,
      0.5120139734023235,
      0.3659443222327446,
      0.511845757543601,
      0.4350231157586114,
      0.5572383895653438,
      0.3694219465956907,
      0.503296895623897,
      0.4761279159350211,
      0.5915840759629849,
      0.38707175113988046,
      0.5182812840282797,
      0.5317265073567116,
      0.4697090872265227,
      0.5187268763436773,
      0.5576679735534917,
      0.7218934382328156,
      0.4261851807019292,
      0.7141661285062829,
      0.6006548825733008,
      0.8999168559490797,
      0.3781878257352563,
      0.8939890913321072
    ],
    "idealAngles": [
      166.10344947822497,
      169.21224284590562,
      106.06810812345314,
      112.19048054024586,
      176.95447659568322,
      176.13584984488537,
      129.2179958921833,
      133.54823910673926
    ],
    "idealTime": 12.8
  }
}